Criteria,Description
Age of Home,The year the home was built
Location,The geographical area and its risk factors
Roof Type,Material and condition of the roof
Fire Safety Measures,Presence of smoke detectors, fire extinguishers, etc.
Home Security,Alarm systems, surveillance cameras, etc.
Claim History,Number of previous claims filed
Credit Score,The homeowner's credit rating
Maintenance,Regular upkeep and repairs made to the home
Natural Disaster Risk,Proximity to flood zones, earthquake-prone areas, etc.
Insurance Coverage Amount,The value of coverage the homeowner is seeking